,Trials,adjRand,nClusters,pe,pe (probes),verb decoder Accuracy,verb decoder Accuracy Prob,verb 2 AFC decoder Prob,batch,Condition,cluster re-use
0,All,0.0,1,0.5196983793869409,0.5244692591900241,0.2375,0.1625471641695401,0.5080028473448078,0,interleaved,
1,Training,0.0,1,0.535961483174932,0.5364440213122297,0.234375,0.162652300841656,0.5076606871394761,0,interleaved,
2,Test,0.0,1,0.45464596423497594,0.47657021070120215,0.25,0.16212661748107648,0.5093714881661349,0,interleaved,1.0
3,All,0.0,1,0.5347601002031851,0.4955555199598925,0.155,0.1386472359069208,0.4757891836703906,0,blocked,
4,Training,0.0,1,0.5470793300906872,0.5098727025648911,0.1625,0.140302836389248,0.4702382242208857,0,blocked,
5,Test,0.0,1,0.4854831806531768,0.4382867895398979,0.125,0.13202483397761205,0.49799302146841,0,blocked,1.0
6,All,0.0,1,0.5688110685010972,0.5208373574056075,0.06,0.10421667080712371,0.47537370042574595,0,early,
7,Training,0.0,1,0.5826776936762239,0.5300987118338087,0.075,0.11217020418248883,0.4817502263878877,0,early,
8,Test,0.0,1,0.5133445678005905,0.4837919396928022,0.0,0.07240253730566332,0.4498675965771792,0,early,1.0
9,All,0.0,1,0.532669859141628,0.48444577765734564,0.1725,0.15554139744299744,0.4984000744793089,0,middle,
10,Training,0.0,1,0.5460816232067938,0.4996231551738126,0.184375,0.16499992692749954,0.49488286028709644,0,middle,
11,Test,0.0,1,0.4790228028809645,0.42373626759147803,0.125,0.11770727950498898,0.5124689312481585,0,middle,1.0
12,All,0.0,1,0.50169138569791,0.4309834556713502,0.225,0.20776060411768701,0.49441236535807986,0,late,
13,Training,0.0,1,0.5063718736850719,0.4316779175615979,0.221875,0.20948214879226934,0.48701991044100856,0,late,
14,Test,0.0,1,0.48296943374926316,0.42820560811035924,0.2375,0.20087442541935766,0.5239821850263654,0,late,1.0
