,Trials,adjRand,nClusters,pe,pe (probes),verb decoder Accuracy,verb decoder Accuracy Prob,verb 2 AFC decoder Prob,batch,Condition,cluster re-use
0,All,0.0,1,0.5146104654892499,0.4947082735302176,0.25,0.1714106106049659,0.4887359786488837,0,interleaved,
1,Training,0.0,1,0.5257808241388651,0.5043166162569159,0.253125,0.17436947700345556,0.4934833181813218,0,interleaved,
2,Test,0.0,1,0.46992903089078913,0.45627490262342396,0.2375,0.15957514501100742,0.4697466205191313,0,interleaved,1.0
3,All,0.0,1,0.521378928368513,0.5261992330943767,0.1075,0.0965233072900979,0.5421756361806837,0,blocked,
4,Training,0.0,1,0.5332445048254668,0.5393888372566285,0.08125,0.08181973862649865,0.5422265793477861,0,blocked,
5,Test,0.0,1,0.4739166225406973,0.4734408164453695,0.2125,0.15533758194449496,0.541971863512274,0,blocked,1.0
6,All,0.0,1,0.5245624967647811,0.49782948725034243,0.09,0.10121578330343203,0.4877451941462344,0,early,
7,Training,0.0,1,0.5446649836021114,0.5167180999823385,0.08125,0.09429421967745416,0.48497466726479443,0,early,
8,Test,0.0,1,0.4441525494154594,0.4222750363223577,0.125,0.12890203780734352,0.49882730167199474,0,early,1.0
9,All,0.0,1,0.461048271802743,0.4322378189167735,0.26,0.18816867488416783,0.4664484966956515,0,middle,
10,Training,0.0,1,0.4701331195233051,0.4402397434206481,0.25,0.18619398573053733,0.45978337770480204,0,middle,
11,Test,0.0,1,0.42470888092049436,0.4002301209012746,0.3,0.19606743149868983,0.4931089726590496,0,middle,1.0
12,All,0.0,1,0.5578581756252037,0.5105717042298378,0.155,0.12952705330173098,0.503678118078735,0,late,
13,Training,0.0,1,0.5679305929985374,0.52015757310489,0.146875,0.12313176802373507,0.508466372639182,0,late,
14,Test,0.0,1,0.5175685061318691,0.47222822872962916,0.1875,0.15510819441371468,0.4845250998369468,0,late,1.0
