,Trials,adjRand,nClusters,pe,pe (probes),verb decoder Accuracy,verb decoder Accuracy Prob,verb 2 AFC decoder Prob,batch,Condition,cluster re-use
0,All,0.0,1,0.4727027459745209,0.48859267824390334,0.1075,0.082731619853341,0.5412731803685166,0,interleaved,
1,Training,0.0,1,0.4856436544773639,0.5075355518196153,0.078125,0.06694336100785424,0.5531835856754225,0,interleaved,
2,Test,0.0,1,0.42093911196314876,0.4128211839410558,0.225,0.145884655235288,0.4936315591408926,0,interleaved,1.0
3,All,0.0,1,0.5258038300211691,0.49559612473939013,0.115,0.10727696360105007,0.4879589199877198,0,blocked,
4,Training,0.0,1,0.5332364463895328,0.5023019066010481,0.10625,0.10321031558777212,0.4907731939983754,0,blocked,
5,Test,0.0,1,0.4960733645477142,0.468772997292758,0.15,0.12354355565416189,0.47670182394509714,0,blocked,1.0
6,All,0.0,1,0.5550857748060511,0.5542987997380603,0.0225,0.06271727440839381,0.4980231296506959,0,early,
7,Training,0.0,1,0.5700057203625529,0.5687683549069983,0.01875,0.059141728476448475,0.496413628218283,0,early,
8,Test,0.0,1,0.49540599258004375,0.4964205790623077,0.0375,0.07701945813617513,0.5044611353803481,0,early,1.0
9,All,0.0,1,0.5130295094950249,0.4776561703722591,0.1175,0.12542230934699142,0.47179272982578513,0,middle,
10,Training,0.0,1,0.5192209534615008,0.48491292406301145,0.11875,0.12384629241658777,0.465300509524649,0,middle,
11,Test,0.0,1,0.4882637336291213,0.44862915560925,0.1125,0.13172637706860607,0.49776161103032945,0,middle,1.0
12,All,0.0,1,0.4478534677371457,0.41130027488104237,0.2175,0.1780291480261461,0.5306971843877233,0,late,
13,Training,0.0,1,0.45538815766098695,0.4202229692262751,0.2125,0.17405216688927244,0.5326380288454546,0,late,
14,Test,0.0,1,0.41771470804178107,0.37560949750011186,0.2375,0.19393707257364087,0.5229338065567977,0,late,1.0
