,Condition,Mean,StDev,StErr,n
0,Blocked,0.9161673632947313,0.12616420593485705,0.016425180575419435,59
1,Interleaved,0.6473739652671104,0.1983278811838466,0.0249869643648964,63
2,Early,0.9028472012483639,0.13774322773959508,0.02100564530328662,43
3,Middle,0.6912784090909091,0.19756739819392538,0.029784405937090436,44
4,Late,0.746875,0.20587823766526717,0.03431303961087786,36
5,Instructed,0.6776881720430109,0.20506180876910013,0.03683018809813099,31
